code,name,name_en,primary_code,level
01,汽车服务,Auto Service,,1
0100,汽车服务相关,Automobile Service Related,01,2
0101,加油站,Filling Station,01,2
0102,其它能源站,Other Energy Station,01,2
0103,加气站,Filling Station,01,2
0104,汽车养护/装饰,Automobile Maintenance/Decoration,01,2
0105,洗车场,Car Wash,01,2
0106,汽车俱乐部,Automobile Club,01,2
0107,汽车救援,Automobile Rescue,01,2
0108,汽车配件销售,Automobile Parts Sales,01,2
0109,汽车租赁,Automobile Rental,01,2
0110,二手车交易,Used Automobile Dealer,01,2
0111,充电站,Charging Station,01,2
02,汽车销售,Auto Dealers,,1
0200,汽车销售,Automobile Sales,02,2
0201,大众特约销售,Volkswagen Franchised Sales,02,2
0202,本田特约销售,Honda Franchised Sales,02,2
0203,奥迪特约销售,Audi Franchised Sales,02,2
0204,通用特约销售,General Motors Franchised Sales,02,2
0206,宝马特约销售,BMW Franchised Sales,02,2
0207,日产特约销售,Nissan Franchised Sales,02,2
0208,雷诺特约销售,Renault Franchised Sales,02,2
0209,梅赛德斯-奔驰特约销售,Mercedes-Benz Franchised Sales,02,2
0210,丰田特约销售,Toyota Franchised Sales,02,2
0211,斯巴鲁特约销售,Subaru Franchised Sales,02,2
0212,标致雪铁龙特约销售,Peugeot Citroen Franchised Sales,02,2
0213,三菱特约销售,Mitsubishi Franchised Sales,02,2
0214,菲亚特约销售,Fiat Franchised Sales,02,2
0215,法拉利特约销售,Ferrari Franchised Sales,02,2
0216,现代特约销售,Hyundai Franchised Sales,02,2
0217,起亚特约销售,KIA Franchised Sales,02,2
0218,福特特约销售,Ford Franchised Sales,02,2
0219,捷豹特约销售,JAGUAR Franchised Sales,02,2
0220,路虎特约销售,Land Rover Franchised Sales,02,2
0221,保时捷特约销售,Porsche Franchised Sales,02,2
0222,东风特约销售,DFM Franchised Sales,02,2
0223,吉利特约销售,Geely Franchised Sales,02,2
0224,奇瑞特约销售,Chery Franchised Sales,02,2
0225,克莱斯勒特约销售,Chrysler Franchised Sales,02,2
0226,荣威销售,ROEWE Sales,02,2
0227,名爵销售,MG Sales,02,2
0228,江淮销售,JAC Sales,02,2
0229,红旗销售,Hongqi Sales,02,2
0230,长安汽车销售,Chang'an Sales,02,2
0231,海马汽车销售,Haima Sales,02,2
0232,北京汽车销售,BAIC MOTOR Sales,02,2
0233,长城汽车销售,Great Wall Sales,02,2
0234,纳智捷销售,Luxgen Sales,02,2
0235,广汽传祺销售,GAC Trumpchi Sales,02,2
0250,货车销售,Truck Sales,02,2
0251,东风货车销售,Dongfeng Truck Sales,02,2
0252,中国重汽销售,SINOTRUK Sales,02,2
0253,一汽解放销售,FAW Jiefang Sales,02,2
0254,福田卡车销售,Foton Truck Sales,02,2
0255,陕西重汽销售,Shaanxi Heavy-duty Truck Sales,02,2
0256,北奔重汽销售,Beiben Trucks Sales,02,2
0257,江淮货车销售,JAC Truck Sales,02,2
0258,华菱星马销售,CAMC Sales,02,2
0259,成都大运汽车销售,Chengdu Dayun Automotive Sales,02,2
0260,梅赛德斯-奔驰卡车销售,Mercedes-Benz Truck Sales,02,2
0261,德国曼恩销售,MAN Sales,02,2
0262,斯堪尼亚销售,SCANIA Sales,02,2
0263,沃尔沃卡车销售,Volvo Truck Sales,02,2
0299,观致销售,Qoros Sales,02,2
03,汽车维修,Auto Repair,,1
0300,汽车维修,Automobile Repair,03,2
0301,汽车综合维修,Automobile Comprehensive Repair,03,2
0302,大众特约维修,Volkswagen Franchised Repair,03,2
0303,本田特约维修,Honda Franchised Repair,03,2
0304,奥迪特约维修,Audi Franchised Repair,03,2
0305,通用特约维修,General Motors Franchised Repair,03,2
0307,宝马特约维修,BMW Franchised Repair,03,2
0308,日产特约维修,Nissan Franchised Repair,03,2
0309,雷诺特约维修,Renault Franchised Repair,03,2
0310,梅赛德斯-奔驰特约维修,Mercedes-Benz Franchised Repair,03,2
0311,丰田特约维修,Toyota Franchised Repair,03,2
0312,斯巴鲁特约维修,Subaru Franchised Repair,03,2
0313,标致雪铁龙特约维修,Peugeot Citroen Franchised Repair,03,2
0314,三菱特约维修,Mitsubishi Franchised Repair,03,2
0315,菲亚特特约维修,Fiat Franchised Repair,03,2
0316,法拉利特约维修,Ferrari Franchised Repair,03,2
0317,现代特约维修,Hyundai Franchised Repair,03,2
0318,起亚特约维修,KIA Franchised Repair,03,2
0319,福特特约维修,Ford Franchised Repair,03,2
0320,捷豹特约维修,JAGUAR Franchised Repair,03,2
0321,路虎特约维修,Land Rover Franchised Repair,03,2
0322,保时捷特约维修,Porsche Franchised Repair,03,2
0323,东风特约维修,DFM Franchised Repair,03,2
0324,吉利特约维修,Geely Franchised Repair,03,2
0325,奇瑞特约维修,Chery Franchised Repair,03,2
0326,克莱斯勒特约维修,Chrysler Franchised Repair,03,2
0327,荣威维修,ROEWE Repair,03,2
0328,名爵维修,MG Repair,03,2
0329,江淮维修,JAC Repair,03,2
0330,红旗维修,Hongqi Repair,03,2
0331,长安汽车维修,Chang'an Repair,03,2
0332,海马汽车维修,Haima Repair,03,2
0333,北京汽车维修,BAIC MOTOR Repair,03,2
0334,长城汽车维修,Great Wall Repair,03,2
0335,纳智捷维修,Luxgen Repair,03,2
0336,广汽传祺维修,GAC Trumpchi Repair,03,2
0350,货车维修,Truck Repair,03,2
0351,东风货车维修,Dongfeng Truck Repair,03,2
0352,中国重汽维修,SINOTRUK Repair,03,2
0353,一汽解放维修,FAW Jiefang Repair,03,2
0354,福田卡车维修,Foton Truck Repair,03,2
0355,陕西重汽维修,Shaanxi Heavy-duty Truck Repair,03,2
0356,北奔重汽维修,Beiben Trucks Repair,03,2
0357,江淮货车维修,JAC Truck Repair,03,2
0358,华菱星马维修,CAMC Repair,03,2
0359,成都大运汽车维修,Chengdu Dayun Automotive Repair,03,2
0360,梅赛德斯-奔驰卡车维修,Mercedes-Benz Truck Repair,03,2
0361,德国曼恩维修,MAN Repair,03,2
0362,斯堪尼亚维修,SCANIA Repair,03,2
0363,沃尔沃卡车维修,Volvo Truck Repair,03,2
0399,观致维修,Qoros Repair,03,2
04,摩托车服务,Motorcycle Service,,1
0400,摩托车服务相关,Motorcycle Service Related,04,2
0401,摩托车销售,Motorcycle Sales,04,2
0402,摩托车维修,Motorcycle Repair,04,2
05,餐饮服务,Food & Beverages,,1
0500,餐饮相关场所,Food & Beverages Related,05,2
0501,中餐厅,Chinese Food Restaurant,05,2
0502,外国餐厅,Foreign Food Restaurant,05,2
0503,快餐厅,Fast Food Restaurant,05,2
0504,休闲餐饮场所,Leisure Food Restaurant,05,2
0505,咖啡厅,Coffee House,05,2
0506,茶艺馆,Tea House,05,2
0507,冷饮店,Icecream Shop,05,2
0508,糕饼店,Bakery,05,2
0509,甜品店,Dessert House,05,2
06,购物服务,Shopping,,1
0600,购物相关场所,Shopping Related Places,06,2
0601,商场,Shopping Plaza,06,2
0602,便民商店/便利店,Convenience Store,06,2
0603,家电电子卖场,Home Electronics Hypermarket,06,2
0604,超级市场,Supermarket,06,2
0605,花鸟鱼虫市场,Plants & Pet Market,06,2
0606,家居建材市场,Home Building Materials Market,06,2
0607,综合市场,Comprehensive Market,06,2
0608,文化用品店,Stationary Store,06,2
0609,体育用品店,Sports Store,06,2
0610,特色商业街,Commercial Street,06,2
0611,服装鞋帽皮具店,Clothing Store,06,2
0612,专卖店,Franchise Store,06,2
0613,特殊买卖场所,Special Trade House,06,2
0614,个人用品/化妆品店,Personal Care Items Shop,06,2
07,生活服务,Daily Life Service,,1
0700,生活服务场所,Daily Life Service Place,07,2
0701,旅行社,Travel Agency,07,2
0702,信息咨询中心,Information Centre,07,2
0703,售票处,Ticket Office,07,2
0704,邮局,Post Office,07,2
0705,物流速递,Logistics Service,07,2
0706,电讯营业厅,Telecom Office,07,2
0707,事务所,Professional Service Firm,07,2
0708,人才市场,Job Center,07,2
0709,自来水营业厅,Water Supply Service Office,07,2
0710,电力营业厅,Electric Supply Service Office,07,2
0711,美容美发店,Beauty and Hairdressing Store,07,2
0712,维修站点,Repair Store,07,2
0713,摄影冲印店,Photo Finishing,07,2
0714,洗浴推拿场所,Bath & Massage Center,07,2
0715,洗衣店,Laundry,07,2
0716,中介机构,Agency,07,2
0717,搬家公司,Move Service,07,2
0718,彩票彩券销售点,Lottery Store,07,2
0719,丧葬设施,Funeral Facilities,07,2
0720,婴儿服务场所,Baby Service Place,07,2
08,体育休闲服务,Sports & Recreation,,1
0800,体育休闲服务场所,Sports & Recreation Places,08,2
0801,运动场馆,Sports Stadium,08,2
0802,高尔夫相关,Golf Related,08,2
0803,娱乐场所,Recreation Center,08,2
0804,度假疗养场所,Holiday & Nursing Resort,08,2
0805,休闲场所,Recreation Place,08,2
0806,影剧院,Theatre & Cinema,08,2
09,医疗保健服务,Medical Service,,1
0900,医疗保健服务场所,Medical and Health Care Service Place,09,2
0901,综合医院,Hospital,09,2
0902,专科医院,Special Hospital,09,2
0903,诊所,Clinic,09,2
0904,急救中心,Emergency Center,09,2
0905,疾病预防机构,Disease Prevention Institution,09,2
0906,医药保健销售店,Pharmacy,09,2
0907,动物医疗场所,Veterinary Hospital,09,2
10,住宿服务,Accommodation Service,,1
1000,住宿服务相关,Accommodation Service Related,10,2
1001,宾馆酒店,Hotel,10,2
1002,旅馆招待所,Hostel,10,2
11,风景名胜,Tourist Attraction,,1
1100,风景名胜相关,Tourist Attraction Related,11,2
1101,公园广场,Park & Square,11,2
1102,风景名胜,Scenery Spot,11,2
12,商务住宅,Commercial House,,1
1200,商务住宅相关,Commercial House Related,12,2
1201,产业园区,Industrial Park,12,2
1202,楼宇,Building,12,2
1203,住宅区,Residential Area,12,2
13,政府机构及社会团体,Governmental Organization & Social Group,,1
1300,政府及社会团体相关,Governmental & Social Groups Related,13,2
1301,政府机关,Governmental Organization,13,2
1302,外国机构,Foreign Organization,13,2
1303,民主党派,Democratic Party,13,2
1304,社会团体,Social Group,13,2
1305,公检法机构,Public Security Organization,13,2
1306,交通车辆管理,Traffic Vehicle Management,13,2
1307,工商税务机构,Industrial and Commercial Taxation Institution,13,2
14,科教文化服务,Science/Culture & Education Service,,1
1400,科教文化场所,Science & Education Cultural Place,14,2
1401,博物馆,Museum,14,2
1402,展览馆,Exhibition Hall,14,2
1403,会展中心,Convention & Exhibition Center,14,2
1404,美术馆,Art Gallery,14,2
1405,图书馆,Library,14,2
1406,科技馆,Science & Technology Museum,14,2
1407,天文馆,Planetarium,14,2
1408,文化宫,Cultural Palace,14,2
1409,档案馆,Archives Hall,14,2
1410,文艺团体,Arts Organization,14,2
1411,传媒机构,Media Organization,14,2
1412,学校,School,14,2
1413,科研机构,Research Institution,14,2
1414,培训机构,Training Institution,14,2
1415,驾校,Driving School,14,2
15,交通设施服务,Transportation Service,,1
1500,交通服务相关,Transportation Service Related,15,2
1501,机场相关,Airport Related,15,2
1502,火车站,Railway Station,15,2
1503,港口码头,Port & Marina,15,2
1504,长途汽车站,Coach Station,15,2
1505,地铁站,Subway Station,15,2
1506,轻轨站,Light Rail Station,15,2
1507,公交车站,Bus Station,15,2
1508,班车站,Commuter Bus Station,15,2
1509,停车场,Parking Lot,15,2
1510,过境口岸,Border Crossing,15,2
1511,出租车,Taxi,15,2
1512,轮渡站,Ferry Station,15,2
1513,索道站,Ropeway Station,15,2
16,金融保险服务,Finance & Insurance Service,,1
1600,金融保险服务机构,Finance & Insurance Service Institution,16,2
1601,银行,Bank,16,2
1602,银行相关,Bank Related,16,2
1603,自动提款机,ATM,16,2
1604,保险公司,Insurance Company,16,2
1605,证券公司,Securities Company,16,2
1606,财务公司,Finance Company,16,2
17,公司企业,Enterprises,,1
1700,公司企业,Enterprises,17,2
1701,知名企业,Famous Enterprise,17,2
1702,公司,Company,17,2
1703,工厂,Factory,17,2
1704,农林牧渔基地,Farming，Forestry，Animal Husbandry and Fishery Base,17,2
18,道路附属设施,Road Furniture,,1
1800,道路附属设施,Road Furniture,18,2
1801,警示信息,Warning Sign,18,2
1802,收费站,Toll Gate,18,2
1803,服务区,Service Area,18,2
1804,红绿灯,Traffic Light,18,2
1805,路牌信息,Signpost,18,2
19,地名地址信息,Place Name & Address,,1
1900,地名地址信息,Place Name & Address,19,2
1901,普通地名,Normal Place Name,19,2
1902,自然地名,Natural Place Name,19,2
1903,交通地名,Transportation Place Name,19,2
1904,门牌信息,Address Sign,19,2
1905,市中心,City Center,19,2
1906,标志性建筑物,Landmark Buildings,19,2
1907,热点地名,The hot names,19,2
20,公共设施,Public Facility,,1
2000,公共设施,Public Facility,20,2
2001,报刊亭,Newsstand,20,2
2002,公用电话,Public Phone,20,2
2003,公共厕所,Public Toilet,20,2
2004,紧急避难场所,Emergency Shelter,20,2
22,事件活动,Incidents and Events,,1
2200,事件活动,Incidents and Events,22,2
2201,公众活动,Public Event,22,2
2202,突发事件,Emergency,22,2
97,室内设施,Indoor facilities,,1
9700,室内设施,Indoor facilities,97,2
99,通行设施,Pass Facilities,,1
9900,通行设施,Pass Facilities,99,2
9910,建筑物门,Gate of Buildings,99,2
9914,临街院门,Gate of Street House,99,2
9915,虚拟门,Virtual Gate,99,2
010000,汽车服务相关,Automobile Service Related,0100,3
010100,加油站,Filling Station,0101,3
010101,中国石化,Sinopec,0101,3
010102,中国石油,PetroChina,0101,3
010103,壳牌,Shell,0101,3
010104,美孚,Mobil,0101,3
010105,加德士,Caltex,0101,3
010107,东方,FEOSO,0101,3
010108,中石油碧辟,BP PetroChina,0101,3
010109,中石化碧辟,BP Sinopec,0101,3
010110,道达尔,TOTAL,0101,3
010111,埃索,ESSO,0101,3
010112,中化道达尔,TOTAL-SINOCHEM,0101,3
010200,其它能源站,Other Energy Station,0102,3
010300,加气站,Filling Station,0103,3
010400,汽车养护,Automobile Maintenance,0104,3
010401,加水站,Add Water Station,0104,3
010500,洗车场,Car Wash,0105,3
010600,汽车俱乐部,Automobile Club,0106,3
010700,汽车救援,Automobile Rescue,0107,3
010800,汽车配件销售,Automobile Parts Sales,0108,3
010900,汽车租赁,Automobile Rental,0109,3
010901,汽车租赁还车,Rent-a-Car Return,0109,3
011000,二手车交易,Used Automobile Dealer,0110,3
011100,充电站,Charging Station,0111,3
020000,汽车销售,Automobile Sales,0200,3
020100,大众销售,Volkswagen Sales,0201,3
020101,上海大众销售,Shanghai Volkswagen Sales,0201,3
020102,一汽-大众销售,FAW-Volkswagen Sales,0201,3
020103,斯柯达销售,Skoda Sales,0201,3
020104,进口大众销售,Import Volkswagen Sales,0201,3
020105,宾利销售,Bentley Sales,0201,3
020106,兰博基尼销售,Lamborghini Sales,0201,3
020200,本田销售,Honda Sales,0202,3
020201,广汽本田销售,GAC Honda Sales,0202,3
020202,东风本田销售,Dongfeng Honda Sales,0202,3
020203,本田讴歌销售,Acura Sales,0202,3
020300,奥迪销售,Audi Sales,0203,3
020301,一汽-大众奥迪销售,FAW-Audi Sales,0203,3
020400,通用销售,General Motors Sales,0204,3
020401,凯迪拉克销售,Cadillac Sales,0204,3
020402,别克销售,Buick Sales,0204,3
020403,雪佛兰销售,Chevrolet Sales,0204,3
020404,欧宝销售,Opel Sales,0204,3
020405,萨博销售,Saab Sales,0204,3
020406,沃克斯豪尔销售,Vauxhall Sales,0204,3
020407,土星销售,Saturn Sales,0204,3
020408,大宇销售,Daewoo Sales,0204,3
020600,宝马销售,BMW Sales,0206,3
020601,宝马MINI销售,BMW MINI Sales,0206,3
020602,劳斯莱斯销售,Rolls-Royce Sales,0206,3
020700,日产销售,Nissan Sales,0207,3
020701,东风日产销售,Dongfeng Nissan Sales,0207,3
020702,郑州日产销售,Zhengzhou Nissan Sales,0207,3
020703,英菲尼迪销售,Infiniti Sales,0207,3
020800,雷诺销售,Renault Sales,0208,3
020900,梅赛德斯-奔驰销售,Mercedes-Benz Sales,0209,3
020904,迈巴赫销售,Maybach Sales,0209,3
020905,精灵销售,Smart Sales,0209,3
021000,丰田销售,Toyota Sales,0210,3
021001,一汽丰田销售,FAW-Toyota Sales,0210,3
021002,广汽丰田销售,GAC Toyota Sales,0210,3
021003,雷克萨斯销售,Lexus Sales,0210,3
021004,大发销售,Daihatsu Sales,0210,3
021100,斯巴鲁销售,Subaru Sales,0211,3
021200,雪铁龙销售,Citroen Sales,0212,3
021201,东风雪铁龙销售,Dongfeng Citroen Sales,0212,3
021202,东风标致销售,Dongfeng Peugeot Sales,0212,3
021203,DS销售,DS Sales,0212,3
021300,三菱销售,Mitsubishi Sales,0213,3
021301,广汽三菱销售,GAC Mitsubishi Sales,0213,3
021400,菲亚特销售,Fiat Sales,0214,3
021401,阿尔法-罗密欧销售,Alfa Romeo Sales,0214,3
021500,法拉利销售,Ferrari Sales,0215,3
021501,玛莎拉蒂销售,Maserati Sales,0215,3
021600,现代销售,Hyundai Sales,0216,3
021601,进口现代销售,Import Hyundai Sales,0216,3
021602,北京现代销售,Beijing Hyundai Sales,0216,3
021700,起亚销售,KIA Sales,0217,3
021701,进口起亚销售,Import KIA Sales,0217,3
021702,东风悦达起亚销售,Dongfeng Yueda KIA Sales,0217,3
021800,福特销售,Ford Sales,0218,3
021802,马自达销售,Mazda Sales,0218,3
021803,林肯销售,Lincoln Sales,0218,3
021804,水星销售,Mercury Sales,0218,3
021900,捷豹销售,JAGUAR Sales,0219,3
022000,路虎销售,Land Rover Sales,0220,3
022100,保时捷销售,Porsche Sales,0221,3
022200,东风销售,DFM Sales,0222,3
022300,吉利销售,Geely Sales,0223,3
022301,沃尔沃汽车销售,Volvo Cars Sales,0223,3
022400,奇瑞销售,Chery Sales,0224,3
022500,克莱斯勒销售,Chrysler Sales,0225,3
022501,吉普销售,Jeep Sales,0225,3
022502,道奇销售,Dodge Sales,0225,3
022600,荣威销售,ROEWE Sales,0226,3
022700,名爵销售,MG Sales,0227,3
022800,江淮销售,JAC Sales,0228,3
022900,红旗销售,Hongqi Sales,0229,3
023000,长安汽车销售,Chang'an Sales,0230,3
023100,海马汽车销售,Haima Sales,0231,3
023200,北京汽车销售,BAIC MOTOR Sales,0232,3
023300,长城汽车销售,Great Wall Sales,0233,3
023301,魏派汽车销售,WEY Sales,0233,3
023400,纳智捷销售,Luxgen Sales,0234,3
023500,广汽传祺销售,GAC Trumpchi Sales,0235,3
025000,货车销售,Truck Sales,0250,3
025100,东风货车销售,Dongfeng Truck Sales,0251,3
025200,中国重汽销售,SINOTRUK Sales,0252,3
025300,一汽解放销售,FAW Jiefang Sales,0253,3
025400,福田卡车销售,Foton Truck Sales,0254,3
025500,陕西重汽销售,Shaanxi Heavy-duty Truck Sales,0255,3
025600,北奔重汽销售,Beiben Trucks Sales,0256,3
025700,江淮货车销售,JAC Truck Sales,0257,3
025800,华菱星马销售,CAMC Sales,0258,3
025900,成都大运汽车销售,Chengdu Dayun Automotive Sales,0259,3
026000,梅赛德斯-奔驰卡车销售,Mercedes-Benz Truck Sales,0260,3
026100,德国曼恩销售,MAN Sales,0261,3
026200,斯堪尼亚销售,SCANIA Sales,0262,3
026300,沃尔沃卡车销售,Volvo Truck Sales,0263,3
029900,观致销售,Qoros Sales,0299,3
030000,汽车维修,Automobile Repair,0300,3
030100,汽车综合维修,Automobile Comprehensive Repair,0301,3
030200,大众维修,Volkswagen Repair,0302,3
030201,上海大众维修,Shanghai Volkswagen Repair,0302,3
030202,一汽-大众维修,FAW-Volkswagen Repair,0302,3
030203,斯柯达维修,Skoda Repair,0302,3
030204,进口大众维修,Import Volkswagen Repair,0302,3
030205,宾利维修,Bentley Repair,0302,3
030206,兰博基尼维修,Lamborghini Repair,0302,3
030300,本田维修,Honda Repair,0303,3
030301,广汽本田维修,GAC Honda Repair,0303,3
030302,东风本田维修,Dongfeng Honda Repair,0303,3
030303,本田讴歌维修,Acura Repair,0303,3
030400,奥迪维修,Audi Repair,0304,3
030401,一汽-大众奥迪维修,FAW-Audi Repair,0304,3
030500,通用维修,General Motors Repair,0305,3
030501,凯迪拉克维修,Cadillac Repair,0305,3
030502,别克维修,Buick Repair,0305,3
030503,雪佛兰维修,Chevrolet Repair,0305,3
030504,欧宝维修,Opel Repair,0305,3
030505,萨博维修,Saab Repair,0305,3
030506,沃克斯豪尔维修,Vauxhall Repair,0305,3
030507,土星维修,Saturn Repair,0305,3
030508,大宇维修,Daewoo Repair,0305,3
030700,宝马维修,BMW Repair,0307,3
030701,宝马MINI维修,BMW MINI Repair,0307,3
030702,劳斯莱斯维修,Rolls-Royce Repair,0307,3
030800,日产维修,Nissan Repair,0308,3
030801,英菲尼迪维修,Infiniti Repair,0308,3
030802,东风日产维修,Dongfeng Nissan Repair,0308,3
030803,郑州日产维修,Zhengzhou Nissan Repair,0308,3
030900,雷诺维修,Renault Repair,0309,3
031000,梅赛德斯-奔驰维修,Mercedes-Benz Repair,0310,3
031004,迈巴赫维修,Maybach Repair,0310,3
031005,精灵维修,Smart Repair,0310,3
031100,丰田维修,Toyota Repair,0311,3
031101,一汽丰田维修,FAW-Toyota Repair,0311,3
031102,广汽丰田维修,GAC Toyota Repair,0311,3
031103,雷克萨斯维修,Lexus Repair,0311,3
031104,大发维修,Daihatsu Repair,0311,3
031200,斯巴鲁维修,Subaru Repair,0312,3
031300,雪铁龙维修,Citroen Repair,0313,3
031301,东风标致维修,Dongfeng Peugeot Repair,0313,3
031302,东风雪铁龙维修,Dongfeng Citroen Repair,0313,3
031303,DS维修,DS Repair,0313,3
031400,三菱维修,Mitsubishi Repair,0314,3
031401,广汽三菱维修,GAC Mitsubishi Repair,0314,3
031500,菲亚特维修,Fiat Repair,0315,3
031501,阿尔法-罗密欧维修,Alfa Romeo Repair,0315,3
031600,法拉利维修,Ferrari Repair,0316,3
031601,玛莎拉蒂维修,Maserati Repair,0316,3
031700,现代维修,Hyundai Repair,0317,3
031701,进口现代维修,Import Hyundai Repair,0317,3
031702,北京现代维修,Beijing Hyundai Repair,0317,3
031800,起亚维修,KIA Repair,0318,3
031801,进口起亚维修,Import KIA Repair,0318,3
031802,东风悦达起亚维修,Dongfeng Yueda KIA Repair,0318,3
031900,福特维修,Ford Repair,0319,3
031902,马自达维修,Mazda Repair,0319,3
031903,林肯维修,Lincoln Repair,0319,3
031904,水星维修,Mercury Repair,0319,3
032000,捷豹维修,JAGUAR Repair,0320,3
032100,路虎维修,Land Rover Repair,0321,3
032200,保时捷维修,Porsche Repair,0322,3
032300,东风维修,DFM Repair,0323,3
032400,吉利维修,Geely Repair,0324,3
032401,沃尔沃汽车维修,Volvo Cars Repair,0324,3
032500,奇瑞维修,Chery Repair,0325,3
032600,克莱斯勒维修,Chrysler Repair,0326,3
032601,吉普维修,Jeep Repair,0326,3
032602,道奇维修,Dodge Repair,0326,3
032700,荣威维修,ROEWE Repair,0327,3
032800,名爵维修,MG Repair,0328,3
032900,江淮维修,JAC Repair,0329,3
033000,红旗维修,Hongqi Repair,0330,3
033100,长安汽车维修,Chang'an Repair,0331,3
033200,海马汽车维修,Haima Repair,0332,3
033300,北京汽车维修,BAIC MOTOR Repair,0333,3
033400,长城汽车维修,Great Wall Repair,0334,3
033401,魏派汽车维修,WEY Repair,0334,3
033500,纳智捷维修,Luxgen Repair,0335,3
033600,广汽传祺维修,GAC Trumpchi Repair,0336,3
035000,货车维修,Truck Repair,0350,3
035100,东风货车维修,Dongfeng Truck Repair,0351,3
035200,中国重汽维修,SINOTRUK Repair,0352,3
035300,一汽解放维修,FAW Jiefang Repair,0353,3
035400,福田卡车维修,Foton Truck Repair,0354,3
035500,陕西重汽维修,Shaanxi Heavy-duty Truck Repair,0355,3
035600,北奔重汽维修,Beiben Trucks Repair,0356,3
035700,江淮货车维修,JAC Truck Repair,0357,3
035800,华菱星马维修,CAMC Repair,0358,3
035900,成都大运汽车维修,Chengdu Dayun Automotive Repair,0359,3
036000,梅赛德斯-奔驰卡车维修,Mercedes-Benz Truck Repair,0360,3
036100,德国曼恩维修,MAN Repair,0361,3
036200,斯堪尼亚维修,SCANIA Repair,0362,3
036300,沃尔沃卡车维修,Volvo Truck Repair,0363,3
039900,观致维修,Qoros Repair,0399,3
040000,摩托车服务相关,Motorcycle Service Related,0400,3
040100,摩托车销售,Motorcycle Sales,0401,3
040101,宝马摩托车销售,BMW Motorcycle Sales,0401,3
040200,摩托车维修,Motorcycle Repair,0402,3
040201,宝马摩托车维修,BMW Motorcycle Repair,0402,3
050000,餐饮相关,Food & Beverages Related,0500,3
050100,中餐厅,Chinese Food Restaurant,0501,3
050101,综合酒楼,Complex Food,0501,3
050102,四川菜(川菜),Sichuan Food,0501,3
050103,广东菜(粤菜),Cantonese Food,0501,3
050104,山东菜(鲁菜),Shandong Food,0501,3
050105,江苏菜,Jiangsu Food,0501,3
050106,浙江菜,Zhejiang Food,0501,3
050107,上海菜,Shanghai Food,0501,3
050108,湖南菜(湘菜),Hunan Food,0501,3
050109,安徽菜(徽菜),Anhui Food,0501,3
050110,福建菜,Fujian Food,0501,3
050111,北京菜,Beijing Food,0501,3
050112,湖北菜(鄂菜),Hubei Food,0501,3
050113,东北菜,Northeastern Chinese Food,0501,3
050114,云贵菜,Yunnan & Guizhou Food,0501,3
050115,西北菜,Northwestern Chinese Food,0501,3
050116,老字号,Traditional Brand,0501,3
050117,火锅店,Hotpot Restaurant,0501,3
050118,特色/地方风味餐厅,Local Special Food,0501,3
050119,海鲜酒楼,Sea Food,0501,3
050120,中式素菜馆,Vegetarian Food,0501,3
050121,清真菜馆,Islamic Food,0501,3
050122,台湾菜,Taiwan Food,0501,3
050123,潮州菜,Chaozhou Food,0501,3
050200,外国餐厅,Foreign Food Restaurant,0502,3
050201,西餐厅(综合风味),Western Restaurant,0502,3
050202,日本料理,Japanese Cuisine,0502,3
050203,韩国料理,South Korean Cuisine,0502,3
050204,法式菜品餐厅,French Food,0502,3
050205,意式菜品餐厅,Italian Food,0502,3
050206,泰国/越南菜品餐厅,Thai/Vietnamese Food,0502,3
050207,地中海风格菜品,Mediterranean Food,0502,3
050208,美式风味,American Food,0502,3
050209,印度风味,Indian Food,0502,3
050210,英国式菜品餐厅,British Food,0502,3
050211,牛扒店(扒房),Steak House,0502,3
050212,俄国菜,Russian Food,0502,3
050213,葡国菜,Portuguese Food,0502,3
050214,德国菜,German Food,0502,3
050215,巴西菜,Brazilian Food,0502,3
050216,墨西哥菜,Mexican Food,0502,3
050217,其它亚洲菜,Other Asian Food,0502,3
050300,快餐厅,Fast Food Restaurant,0503,3
050301,肯德基,KFC,0503,3
050302,麦当劳,McDonald's,0503,3
050303,必胜客,Pizza Hut,0503,3
050304,永和豆浆,Yon ho,0503,3
050305,茶餐厅,Teahouse,0503,3
050306,大家乐,Cafe de Coral,0503,3
050307,大快活,Fairwood,0503,3
050308,美心,Maxim's,0503,3
050309,吉野家,Yoshinoya,0503,3
050310,仙E岩,Saint's Alp Teahouse,0503,3
050311,呷哺呷哺,Xiabu Xiabu,0503,3
050400,休闲餐饮场所,Leisure Food Restaurant,0504,3
050500,咖啡厅,Coffee House,0505,3
050501,星巴克咖啡,Starbucks Coffee,0505,3
050502,上岛咖啡,UBC Coffee,0505,3
050503,Pacific Coffee Company,Pacific Coffee Company,0505,3
050504,巴黎咖啡店,Paris Cafe,0505,3
050600,茶艺馆,Tea House,0506,3
050700,冷饮店,Icecream Shop,0507,3
050800,糕饼店,Bakery,0508,3
050900,甜品店,Dessert House,0509,3
060000,购物相关场所,Shopping Related Places,0600,3
060100,商场,Shopping Plaza,0601,3
060101,购物中心,Shopping Centre,0601,3
060102,普通商场,Shops,0601,3
060103,免税品店,Duty-free Shop,0601,3
060200,便民商店/便利店,Convenience Store,0602,3
060201,7-ELEVEn便利店,7-ELEVEn,0602,3
060202,OK便利店,Circle K,0602,3
060300,家电电子卖场,Home Electronics Hypermarket,0603,3
060301,综合家电商场,Comprehensive Home Electronics Shopping Center,0603,3
060302,国美,GOME,0603,3
060303,大中,Dazhong,0603,3
060304,苏宁,Suning,0603,3
060305,手机销售,Mobile Handsets Sales,0603,3
060306,数码电子,Digital Electronics,0603,3
060307,丰泽,Fortress,0603,3
060308,苏宁镭射,Suning Citicall,0603,3
060400,超市,Supermarket,0604,3
060401,家乐福,Carrefour,0604,3
060402,沃尔玛,Wal-Mart,0604,3
060403,华润,CRC,0604,3
060404,北京华联,Beijing Hualian,0604,3
060405,上海华联,Shanghai Hualian,0604,3
060406,麦德龙,METRO,0604,3
060407,乐天玛特,LOTTE Mart,0604,3
060408,华堂,Ito Yokado,0604,3
060409,卜蜂莲花,Lotus,0604,3
060411,屈臣氏,Watsons,0604,3
060413,惠康超市,Wellcome,0604,3
060414,百佳超市,PARKnSHOP,0604,3
060415,万宁超市,Mannings,0604,3
060500,花鸟鱼虫市场,Plants & Pet Market,0605,3
060501,花卉市场,Flower Shop,0605,3
060502,宠物市场,Pet Market,0605,3
060600,家居建材市场,Home Building Materials Market,0606,3
060601,家具建材综合市场,Home Building Materials Market,0606,3
060602,家具城,Furniture Store,0606,3
060603,建材五金市场,Hardware Store,0606,3
060604,厨卫市场,Kitchen Supply,0606,3
060605,布艺市场,Deco Cloth Store,0606,3
060606,灯具瓷器市场,Lighting & Porcelain Market,0606,3
060700,综合市场,Comprehensive Market,0607,3
060701,小商品市场,Small Commodity Market,0607,3
060702,旧货市场,Flea Market,0607,3
060703,农副产品市场,Agricultural Products Market,0607,3
060704,果品市场,Fruits Market,0607,3
060705,蔬菜市场,Vegetable Market,0607,3
060706,水产海鲜市场,Seafood Market,0607,3
060800,文化用品店,Stationary Store,0608,3
060900,体育用品店,Sports Store,0609,3
060901,李宁专卖店,Li-Ning,0609,3
060902,耐克专卖店,NIKE,0609,3
060903,阿迪达斯专卖店,adidas,0609,3
060904,锐步专卖店,Reebok,0609,3
060905,彪马专卖店,PUMA,0609,3
060906,高尔夫用品店,Golf Accessories Shop,0609,3
060907,户外用品,Outdoor Sports Shop,0609,3
061000,特色商业街,Commercial Street,0610,3
061001,步行街,Pedestrian Street,0610,3
061100,服装鞋帽皮具店,Clothing Store,0611,3
061101,品牌服装店,Brand Clothing Store,0611,3
061102,品牌鞋店,Brand Shoes Store,0611,3
061103,品牌皮具店,Brand Leather Ware Store,0611,3
061104,品牌箱包店,Brand Bags and Suitcases Store,0611,3
061200,专营店,Franchise Store,0612,3
061201,古玩字画店,Antique Shop,0612,3
061202,珠宝首饰工艺品,Jewelry Store,0612,3
061203,钟表店,Watches Shop,0612,3
061204,眼镜店,Optical Shop,0612,3
061205,书店,Bookstore,0612,3
061206,音像店,CD/DVD Shop,0612,3
061207,儿童用品店,Children's Store,0612,3
061208,自行车专卖店,Bike Shop,0612,3
061209,礼品饰品店,Gift Store,0612,3
061210,烟酒专卖店,Tobacco & Wine Franchise Store,0612,3
061211,宠物用品店,Pet's Store,0612,3
061212,摄影器材店,Camera Shop,0612,3
061213,宝马生活方式,BMW Lifestyle,0612,3
061214,土特产专卖店,Local Products Franchise Store,0612,3
061300,特殊买卖场所,Special Trade House,0613,3
061301,拍卖行,Auction House,0613,3
061302,典当行,Pawn House,0613,3
061400,其它个人用品店,Personal Care Items Shop,0614,3
061401,莎莎,Sasa,0614,3
070000,生活服务场所,Daily Life Service Place,0700,3
070100,旅行社,Travel Agency,0701,3
070200,信息咨询中心,Information Centre,0702,3
070201,服务中心,Service Centre,0702,3
070202,旅馆问讯,Enquire of Hotel,0702,3
070203,行李查询/行李问询,Enquire of Baggage,0702,3
070300,售票处,Ticket Office,0703,3
070301,飞机票代售点,Airline Tickets Office,0703,3
070302,火车票代售点,Train Ticket Office,0703,3
070303,长途汽车票代售点,Coach Ticket Office,0703,3
070304,船票代售点,Ferry Ticket Office,0703,3
070305,公交卡/月票代售点,Bus IC Card,0703,3
070306,公园景点售票处,Park Box Office,0703,3
070400,邮局,Post Office,0704,3
070401,邮政速递,Express Post,0704,3
070500,物流速递,Logistics Service,0705,3
070501,物流仓储场地,Logistics Warehouse Space,0705,3
070600,电讯营业厅,Telecom Office,0706,3
070601,中国电信营业厅,China Telecom Office,0706,3
070603,中国移动营业厅,China Mobile Office,0706,3
070604,中国联通营业厅,China Unicom Office,0706,3
070605,中国铁通营业厅,China Tietong Office,0706,3
070606,中国卫通营业厅,China Satcom Office,0706,3
070607,和记电讯,Hutchison Telecommunications,0706,3
070608,数码通电讯,SmarTone,0706,3
070609,电讯盈科,PCCW,0706,3
070610,中国移动香港,China Mobile Hong Kong,0706,3
070700,事务所,Professional Service Firm,0707,3
070701,律师事务所,Law Firm,0707,3
070702,会计师事务所,Accounting Firm,0707,3
070703,评估事务所,Evaluation Firm,0707,3
070704,审计事务所,Audit Firm,0707,3
070705,认证事务所,Authentication Services,0707,3
070706,专利事务所,Patent Office,0707,3
070800,人才市场,Job Center,0708,3
070900,自来水营业厅,Water Supply Service Office,0709,3
071000,电力营业厅,Electric Supply Service Office,0710,3
071100,美容美发店,Beauty and Hairdressing Store,0711,3
071200,维修站点,Repair Store,0712,3
071300,摄影冲印,Photo Finishing,0713,3
071400,洗浴推拿场所,Bath & Massage Center,0714,3
071500,洗衣店,Laundry,0715,3
071600,中介机构,Agency,0716,3
071700,搬家公司,Move Service,0717,3
071800,彩票彩券销售点,Lottery Store,0718,3
071801,马会投注站,Horse-Betting Center,0718,3
071900,丧葬设施,Funeral Facilities,0719,3
071901,陵园,Cemetery,0719,3
071902,公墓,Cemetery,0719,3
071903,殡仪馆,Funeral House,0719,3
072000,婴儿服务场所,Baby Service Place,0720,3
072001,婴儿游泳馆,Baby Natatorium,0720,3
080000,体育休闲服务场所,Sports & Recreation Places,0800,3
080100,运动场所,Sports Places,0801,3
080101,综合体育馆,Sports Centre,0801,3
080102,保龄球馆,Bowling Hall,0801,3
080103,网球场,Tennis Court,0801,3
080104,篮球场馆,Basketball Stadium,0801,3
080105,足球场,Football Field,0801,3
080106,滑雪场,Ski Field,0801,3
080107,溜冰场,Skating Rink,0801,3
080108,户外健身场所,Outdoor Gym Facility,0801,3
080109,海滨浴场,Public Beach,0801,3
080110,游泳馆,Natatorium,0801,3
080111,健身中心,Gym Center,0801,3
080112,乒乓球馆,Table Tennis Hall,0801,3
080113,台球厅,Pool Room,0801,3
080114,壁球场,Squash Court,0801,3
080115,马术俱乐部,Horse Riding Club,0801,3
080116,赛马场,Race Track,0801,3
080117,橄榄球场,Rugby Court,0801,3
080118,羽毛球场,Badminton Court,0801,3
080119,跆拳道场馆,Taekwondo Venue,0801,3
080200,高尔夫相关,Golf Related,0802,3
080201,高尔夫球场,Golf Course,0802,3
080202,高尔夫练习场,Golf Training Course,0802,3
080300,娱乐场所,Recreation Center,0803,3
080301,夜总会,Night Club,0803,3
080302,KTV,KTV,0803,3
080303,迪厅,Disco,0803,3
080304,酒吧,Pub,0803,3
080305,游戏厅,Game Center,0803,3
080306,棋牌室,Card & Chess Room,0803,3
080307,博彩中心,Lottery Center,0803,3
080308,网吧,Internet Bar,0803,3
080400,度假疗养场所,Holiday & Nursing Resort,0804,3
080401,度假村,Resort,0804,3
080402,疗养院,Nursing Home,0804,3
080500,休闲场所,Recreation Place,0805,3
080501,游乐场,Amusement Park,0805,3
080502,垂钓园,Fishing Spot,0805,3
080503,采摘园,Plucking Park,0805,3
080504,露营地,Camping Site,0805,3
080505,水上活动中心,Water Sports Centre,0805,3
080600,影剧院相关,Theatre & Cinema Related,0806,3
080601,电影院,Cinema,0806,3
080602,音乐厅,Concert Hall,0806,3
080603,剧场,Theatre,0806,3
090000,医疗保健服务场所,Medical and Health Care Service Place,0900,3
090100,综合医院,Hospital,0901,3
090101,三级甲等医院,AAA Class Hospital,0901,3
090102,卫生院,Health Center,0901,3
090200,专科医院,Special Hospital,0902,3
090201,整形美容,Plastic Surgery,0902,3
090202,口腔医院,Stomatological Hospital,0902,3
090203,眼科医院,Ophthalmology Hospital,0902,3
090204,耳鼻喉医院,ENT Hospital,0902,3
090205,胸科医院,Chest Hospital,0902,3
090206,骨科医院,Orthopedic Hospital,0902,3
090207,肿瘤医院,Tumor Hospital,0902,3
090208,脑科医院,Brain Hospital,0902,3
090209,妇科医院,Maternity Hospital,0902,3
090210,精神病医院,Psychiatric Hospital,0902,3
090211,传染病医院,Infectious Disease Hospital,0902,3
090300,诊所,Clinic,0903,3
090400,急救中心,Emergency Center,0904,3
090500,疾病预防,Disease Prevention,0905,3
090600,医药保健相关,Medicine Health Care Related,0906,3
090601,药房,Pharmacy,0906,3
090602,医疗保健用品,Medical Supplies,0906,3
090700,动物医疗场所,Veterinary Hospital,0907,3
090701,宠物诊所,Pet Clinic,0907,3
090702,兽医站,Veterinary Station,0907,3
100000,住宿服务相关,Accommodation Service Related,1000,3
100100,宾馆酒店,Hotel,1001,3
100101,奢华酒店,Luxury Hotel,1001,3
100102,五星级宾馆,Five-star Hotel,1001,3
100103,四星级宾馆,Four-star Hotel,1001,3
100104,三星级宾馆,Three-star Hotel,1001,3
100105,经济型连锁酒店,Economical Chain Hotel,1001,3
100200,旅馆招待所,Hostel,1002,3
100201,青年旅舍,Youth Hostel,1002,3
110000,旅游景点,Tourist Attraction,1100,3
110100,公园广场,Park & Square,1101,3
110101,公园,Park,1101,3
110102,动物园,Zoo,1101,3
110103,植物园,Botanical Garden,1101,3
110104,水族馆,Aquarium,1101,3
110105,城市广场,City Plaza,1101,3
110106,公园内部设施,Facilities within the park,1101,3
110200,风景名胜,Scenery Spot,1102,3
110201,世界遗产,World Heritage,1102,3
110202,国家级景点,National View Spot,1102,3
110203,省级景点,Provincial View Spot,1102,3
110204,纪念馆,Memorial Hall,1102,3
110205,寺庙道观,Buddhist & Taoist Temple,1102,3
110206,教堂,Church,1102,3
110207,回教寺,Mosque,1102,3
110208,海滩,Beach,1102,3
110209,观景点,View Point,1102,3
120000,商务住宅相关,Commercial House Related,1200,3
120100,产业园区,Industrial Park,1201,3
120200,楼宇相关,Building Related,1202,3
120201,商务写字楼,Business Office Building,1202,3
120202,工业大厦建筑物,Industrial Building,1202,3
120203,商住两用楼宇,Commercial-residential Building,1202,3
120300,住宅区,Residential Area,1203,3
120301,别墅,Villa,1203,3
120302,住宅小区,Residential Quarter,1203,3
120303,宿舍,Dormitory,1203,3
120304,社区中心,Community Center,1203,3
130000,政府及社会团体相关,Governmental & Social Groups Related,1300,3
130100,政府机关相关,Governmental Organization Related,1301,3
130101,国家级机关及事业单位,State Level Organization & Institution,1301,3
130102,省直辖市级政府及事业单位,Provincial Level Government and Institution,1301,3
130103,地市级政府及事业单位,Prefecture Level Government and Institution,1301,3
130104,区县级政府及事业单位,District & County Level Government and Institution,1301,3
130105,乡镇级政府及事业单位,Town Level Government and Institution,1301,3
130106,乡镇以下级政府及事业单位,Below Town level Government and Institution,1301,3
130107,外地政府办,Non-local Government Representative Office,1301,3
130200,外国机构相关,Foreign Organization Related,1302,3
130201,外国使领馆,Foreign Embassy and Consulate,1302,3
130202,国际组织办事处,Representative Office of International Organization,1302,3
130300,民主党派,Democratic Party,1303,3
130400,社会团体相关,Social Group Related,1304,3
130401,共青团,Communist Youth League,1304,3
130402,少先队,Young Pioneer,1304,3
130403,妇联,Women's Federation,1304,3
130404,残联,Disabled Persons' Federation,1304,3
130405,红十字会,Red Cross,1304,3
130406,消费者协会,Consumers' Association,1304,3
130407,行业协会,Industry Association,1304,3
130408,慈善机构,Charity Organizations,1304,3
130409,教会,Church,1304,3
130500,公检法机关,Public Security Organization,1305,3
130501,公安警察,Police Station,1305,3
130502,检察院,Procuratorate,1305,3
130503,法院,Court,1305,3
130504,消防机关,Fire Fighting Organization,1305,3
130505,公证鉴定机构,Notarial Survey Organization,1305,3
130506,社会治安机构,Social Security Organization,1305,3
130600,交通车辆管理相关,Traffic Vehicle Management Related,1306,3
130601,交通管理机构,Traffic Management Authority,1306,3
130602,车辆管理机构,Vehicle Management Authority,1306,3
130603,验车场,Vehicle Assessment Service,1306,3
130604,交通执法站,Traffic Management Station,1306,3
130605,车辆通行证办理处,Vehicle Pass Card Office,1306,3
130606,货车相关检查站,Truck Related Checkpoints,1306,3
130700,工商税务机构,Industrial and Commercial Taxation Institution,1307,3
130701,工商部门,Administration for Industry & Commerce,1307,3
130702,国税机关,State Tax Authority,1307,3
130703,地税机关,Local Tax Authority,1307,3
140000,科教文化场所,Science & Education Cultural Place,1400,3
140100,博物馆,Museum,1401,3
140101,奥迪博物馆,Audi Museum,1401,3
140102,梅赛德斯-奔驰博物馆,Mercedes-Benz Museum,1401,3
140200,展览馆,Exhibition Hall,1402,3
140201,室内展位,Indoor Booth,1402,3
140300,会展中心,Convention & Exhibition Center,1403,3
140400,美术馆,Art Gallery,1404,3
140500,图书馆,Library,1405,3
140600,科技馆,Science & Technology Museum,1406,3
140700,天文馆,Planetarium,1407,3
140800,文化宫,Cultural Palace,1408,3
140900,档案馆,Archives Hall,1409,3
141000,文艺团体,Arts Organization,1410,3
141100,传媒机构,Media Organization,1411,3
141101,电视台,TV Station,1411,3
141102,电台,Radio Station,1411,3
141103,报社,Newspaper Office,1411,3
141104,杂志社,Journal Publisher,1411,3
141105,出版社,Publishing House,1411,3
141200,学校,School,1412,3
141201,高等院校,University & College,1412,3
141202,中学,Middle School,1412,3
141203,小学,Elementary School,1412,3
141204,幼儿园,Kindergarten,1412,3
141205,成人教育,Adult Education,1412,3
141206,职业技术学校,Vocational Technical School,1412,3
141207,学校内部设施,Facilities within the School,1412,3
141300,科研机构,Research Institution,1413,3
141400,培训机构,Training Institution,1414,3
141500,驾校,Driving School,1415,3
150000,交通服务相关,Transportation Service Related,1500,3
150100,机场相关,Airport Related,1501,3
150101,候机室,Departure Lounge,1501,3
150102,摆渡车站,The Ferry Station,1501,3
150104,飞机场,Airport,1501,3
150105,机场出发/到达,Airport Departure/Arrival,1501,3
150106,直升机场,Heliport,1501,3
150107,机场货运处,Airport Freight Station,1501,3
150200,火车站,Railway Station,1502,3
150201,候车室,Waiting Room,1502,3
150202,进站口/检票口,Ticket Entrance,1502,3
150203,出站口,Exit,1502,3
150204,站台,Platform,1502,3
150205,售票,Sell Ticket,1502,3
150206,退票,Get a Refund for a Ticket,1502,3
150207,改签,Endorse the Ticket,1502,3
150208,公安制证,Public Security Accreditation,1502,3
150209,票务相关,Ticket Business Correlation,1502,3
150210,货运火车站,Freight Railway Station,1502,3
150300,港口码头,Port & Marina,1503,3
150301,客运港,Passenger Port,1503,3
150302,车渡口,Ferry Terminal for Vehicle,1503,3
150303,人渡口,Ferry Terminal,1503,3
150304,货运港口码头,Freight Ports,1503,3
150400,长途汽车站,Coach Station,1504,3
150500,地铁站,Subway Station,1505,3
150501,出入口,Exit,1505,3
150600,轻轨站,Light Rail Station,1506,3
150700,公交车站相关,Bus Station Related,1507,3
150701,旅游专线车站,Tourist Routes Bus Station,1507,3
150702,普通公交站,Common Bus Station,1507,3
150703,机场巴士,Airport Bus,1507,3
150800,班车站,Commuter Bus Station,1508,3
150900,停车场相关,Parking Lot Related,1509,3
150903,换乘停车场,Park-and-Ride Place,1509,3
150904,公共停车场,Public Parking Lot,1509,3
150905,专用停车场,Reserved Parking Lot,1509,3
150906,路边停车场,Roadside Parking Lot,1509,3
150907,停车场入口,Parking Lot Entrance,1509,3
150908,停车场出口,Parking Lot Exit,1509,3
150909,停车场出入口,Parking Lot Entrance & Exit,1509,3
151000,过境口岸,Border Crossing,1510,3
151100,出租车,Taxi,1511,3
151200,轮渡站,Ferry Station,1512,3
151300,索道站,Ropeway Station,1513,3
160000,金融保险机构,Finance & Insurance Institution,1600,3
160100,银行,Bank,1601,3
160101,中国人民银行,The People's Bank of China,1601,3
160102,国家开发银行,China Development Bank,1601,3
160103,中国进出口银行,The Export-Import Bank of China,1601,3
160104,中国银行,Bank of China,1601,3
160105,中国工商银行,ICBC,1601,3
160106,中国建设银行,China Construction Bank,1601,3
160107,中国农业银行,Agricultural Bank of China,1601,3
160108,交通银行,Bank of Communications,1601,3
160109,招商银行,China Merchants Bank,1601,3
160110,华夏银行,Huaxia Bank,1601,3
160111,中信银行,China CITIC Bank,1601,3
160112,中国民生银行,China Minsheng Bank,1601,3
160113,中国光大银行,China Everbright Bank,1601,3
160114,上海银行,Bank of Shanghai,1601,3
160115,上海浦东发展银行,Shanghai Pudong Development Bank,1601,3
160117,平安银行,Ping An Bank,1601,3
160118,兴业银行,Industrial Bank,1601,3
160119,北京银行,Bank of Beijing,1601,3
160120,广发银行,CGB,1601,3
160121,农村商业银行,Rural Commercial Bank,1601,3
160122,香港恒生银行,Hong Kong Hang Seng Bank,1601,3
160123,东亚银行,Bank of East Asia,1601,3
160124,花旗银行,Citibank,1601,3
160125,渣打银行,Standard Chartered Bank,1601,3
160126,汇丰银行,HSBC,1601,3
160127,荷兰银行,ABN AMRO Bank,1601,3
160128,美国运通银行,American Express Bank,1601,3
160129,瑞士友邦银行,AIG Private Bank,1601,3
160130,美国银行,Bank of America,1601,3
160131,蒙特利尔银行,Bank of Montreal,1601,3
160132,纽约银行,Bank of New York,1601,3
160133,苏格兰皇家银行,The Royal Bank of Scotland,1601,3
160134,法国兴业银行,Societe Generale Bank,1601,3
160135,德意志银行,Deutsche Bank,1601,3
160136,日本三菱东京日联银行,Bank of Tokyo-Mitsubishi UFJ,1601,3
160137,巴克莱银行,Barclays Bank,1601,3
160138,摩根大通银行,JPMorgan Chase Bank,1601,3
160139,中国邮政储蓄银行,Postal Savings Bank of China,1601,3
160140,香港星展银行,DBS,1601,3
160141,南洋商业银行,Nanyang Commercial Bank,1601,3
160142,上海商业银行,Shanghai Commercial Bank,1601,3
160143,永亨银行,Wing Hang Bank,1601,3
160144,香港永隆银行,Wing Lung Bank,1601,3
160145,创兴银行,Chong Hing Bank,1601,3
160146,大新银行,Dah Sing Bank,1601,3
160147,中信银行(国际),China CITIC Bank International,1601,3
160148,大众银行(香港),Public Bank (Hong Kong),1601,3
160149,北京农商银行,Beijing Rural Commercial Bank,1601,3
160150,上海农商银行,Shanghai Rural Commercial Bank,1601,3
160151,广州农商银行,Guangzhou Rural Commercial Bank,1601,3
160152,深圳农村商业银行,Shenzhen Rural Commercial Bank,1601,3
160200,银行相关,Bank Related,1602,3
160300,自动提款机,ATM,1603,3
160301,中国银行ATM,Bank of China ATM,1603,3
160302,中国工商银行ATM,ICBC ATM,1603,3
160303,中国建设银行ATM,China Construction Bank ATM,1603,3
160304,中国农业银行ATM,Agricultural Bank of China ATM,1603,3
160305,交通银行ATM,Bank of Communications ATM,1603,3
160306,招商银行ATM,China Merchants Bank ATM,1603,3
160307,华夏银行ATM,Huaxia Bank ATM,1603,3
160308,中信银行ATM,China CITIC Bank ATM,1603,3
160309,中国民生银行ATM,China Minsheng Bank ATM,1603,3
160310,中国光大银行ATM,China Everbright Bank ATM,1603,3
160311,上海银行ATM,Bank of Shanghai ATM,1603,3
160312,上海浦东发展银行ATM,Shanghai Pudong Development Bank ATM,1603,3
160314,平安银行ATM,Ping An Bank ATM,1603,3
160315,兴业银行ATM,Industrial Bank ATM,1603,3
160316,北京银行ATM,Bank of Beijing ATM,1603,3
160317,广发银行ATM,CGB ATM,1603,3
160318,农村商业银行ATM,Rural Commercial Bank ATM,1603,3
160319,香港恒生银行ATM,Hong Kong Hang Seng Bank ATM,1603,3
160320,东亚银行ATM,Bank of East Asia ATM,1603,3
160321,花旗银行ATM,Citibank ATM,1603,3
160322,渣打银行ATM,Standard Chartered Bank ATM,1603,3
160323,汇丰银行ATM,HSBC ATM,1603,3
160324,荷兰银行ATM,ABN AMRO Bank ATM,1603,3
160325,美国运通银行ATM,American Express Bank ATM,1603,3
160326,瑞士友邦银行ATM,AIG Private Bank ATM,1603,3
160327,美国银行ATM,Bank of America ATM,1603,3
160328,蒙特利尔银行ATM,Bank of Montreal ATM,1603,3
160329,纽约银行ATM,Bank of New York ATM,1603,3
160330,苏格兰皇家银行ATM,The Royal Bank of Scotland ATM,1603,3
160331,法国兴业银行ATM,Societe Generale Bank ATM,1603,3
160332,德意志银行ATM,Deutsche Bank ATM,1603,3
160333,日本三菱东京日联银行ATM,Bank of Tokyo-Mitsubishi UFJ ATM,1603,3
160334,巴克莱银行ATM,Barclays Bank ATM,1603,3
160335,摩根大通银行ATM,JPMorgan Chase Bank ATM,1603,3
160336,中国邮政储蓄银行ATM,Postal Savings Bank of China ATM,1603,3
160337,香港星展银行ATM,DBS ATM,1603,3
160338,南洋商业银行ATM,Nanyang Commercial Bank ATM,1603,3
160339,上海商业银行ATM,Shanghai Commercial Bank ATM,1603,3
160340,永亨银行ATM,Wing Hang Bank ATM,1603,3
160341,香港永隆银行ATM,Wing Lung Bank ATM,1603,3
160342,创兴银行ATM,Chong Hing Bank ATM,1603,3
160343,大新银行ATM,Dah Sing Bank ATM,1603,3
160344,中信银行(国际)ATM,China CITIC Bank International ATM,1603,3
160345,大众银行(香港)ATM,Public Bank (Hong Kong) ATM,1603,3
160346,北京农商银行ATM,Beijing Rural Commercial Bank ATM,1603,3
160347,上海农商银行ATM,Shanghai Rural Commercial Bank ATM,1603,3
160348,广州农商银行ATM,Guangzhou Rural Commercial Bank ATM,1603,3
160349,深圳农村商业银行ATM,Shenzhen Rural Commercial Bank ATM,1603,3
160400,保险公司,Insurance Company,1604,3
160401,中国人民保险公司,The People's Insurance Company of China,1604,3
160402,中国人寿保险公司,China Life Insurance Company,1604,3
160403,中国平安保险公司,Ping An Insurance Company of China,1604,3
160404,中国再保险公司,China Reinsurance Company,1604,3
160405,中国太平洋保险,China Pacific Insurance Company,1604,3
160406,新华人寿保险公司,New China Life Insurance Company,1604,3
160407,华泰财产保险股份有限公司,Huatai Property Insurance Company Ltd.,1604,3
160408,泰康人寿保险公司,Taikang Life Insurance Company,1604,3
160500,证券公司,Securities Company,1605,3
160501,证券营业厅,Office of Securities Business,1605,3
160600,财务公司,Finance Company,1606,3
170000,公司企业,Enterprises,1700,3
170100,知名企业,Famous Enterprise,1701,3
170200,公司,Company,1702,3
170201,广告装饰,Advertisement and Decoration,1702,3
170202,建筑公司,Construction Company,1702,3
170203,医药公司,Medical Company,1702,3
170204,机械电子,Machinery and Electronics,1702,3
170205,冶金化工,Chemical and Metallurgy,1702,3
170206,网络科技,Network Science and Technology,1702,3
170207,商业贸易,Commercial Trade,1702,3
170208,电信公司,Telecommunication Company,1702,3
170209,矿产公司,Mining Company,1702,3
170300,工厂,Factory,1703,3
170400,其它农林牧渔基地,Other Farming，Forestry，Animal Husbandry and Fishery Base,1704,3
170401,渔场,Fishing Farm,1704,3
170402,农场,Farm,1704,3
170403,林场,Forest Farm,1704,3
170404,牧场,Pasture,1704,3
170405,家禽养殖基地,Poultry Breeding Base,1704,3
170406,蔬菜基地,Vegetable Planting Base,1704,3
170407,水果基地,Fruit Cultivation Base,1704,3
170408,花卉苗圃基地,Flower Nurserey Base,1704,3
180000,道路附属设施,Road Furniture,1800,3
180100,警示信息,Warning Sign,1801,3
180101,摄像头,Camera,1801,3
180102,测速设施,Speed Sensor,1801,3
180103,铁路道口,Railway Crossing,1801,3
180104,违章停车,Illegal Parking,1801,3
180200,收费站,Toll Gate,1802,3
180201,高速收费站,Expressway Toll Gate,1802,3
180202,国省道收费站,National and Provincial Road Toll Gate,1802,3
180203,桥洞收费站,Tunnel & Bridge Toll Gate,1802,3
180300,高速服务区,Expressway Service Area,1803,3
180301,高速加油站服务区,Expressway Filling Station Service Area,1803,3
180302,高速停车区,Expressway Parking Area,1803,3
180400,红绿灯,Traffic Light,1804,3
180500,路牌信息,Signpost,1805,3
190000,地名地址信息,Place Name & Address,1900,3
190100,普通地名,Normal Place Name,1901,3
190101,国家名,Country Name,1901,3
190102,省级地名,Provincial Place Name,1901,3
190103,直辖市级地名,Municipal Place Name,1901,3
190104,地市级地名,Prefecture-level Place Name,1901,3
190105,区县级地名,District/County-level Place Name,1901,3
190106,乡镇级地名,Township-level Place Name,1901,3
190107,街道级地名,Subdistrict-level Place Name,1901,3
190108,村庄级地名,Village-level Place Name,1901,3
190109,村组级地名,Village Team-level Place Name,1901,3
190200,自然地名,Natural Place Name,1902,3
190201,海湾海峡,Gulf and Strait,1902,3
190202,岛屿,Island,1902,3
190203,山,Mountain,1902,3
190204,河流,River,1902,3
190205,湖泊,Lake,1902,3
190300,交通地名,Transportation Place Name,1903,3
190301,道路名,Road Name,1903,3
190302,路口名,Name of Intersection,1903,3
190303,环岛名,Name of Roundabout,1903,3
190304,高速路出口,Expressway Exit,1903,3
190305,高速路入口,Expressway Entrance,1903,3
190306,立交桥,Motorway Interchange,1903,3
190307,桥,Bridge,1903,3
190308,城市快速路出口,Urban Expressway Exit,1903,3
190309,城市快速路入口,Urban Expressway Entrance,1903,3
190310,隧道,Tunnel,1903,3
190311,铁路,Railway,1903,3
190400,门牌信息,Address Sign,1904,3
190401,地名门牌,Placename Sign,1904,3
190402,道路门牌,Road Name Sign,1904,3
190403,楼栋号,Building Number,1904,3
190500,城市中心,City Center,1905,3
190600,标志性建筑物,Landmark Buildings,1906,3
190700,热点地名,The hot names,1907,3
200000,公共设施,Public Facility,2000,3
200100,报刊亭,Newsstand,2001,3
200200,公用电话,Public Phone,2002,3
200300,公共厕所,Public Toilet,2003,3
200301,男洗手间,Male Toilet,2003,3
200302,女洗手间,Female Toilet,2003,3
200303,残障洗手间/无障碍洗手间,Wheelchair Accessible,2003,3
200304,婴儿换洗间/哺乳室/母婴室,Room of Mother and Infant,2003,3
200400,紧急避难场所,Emergency Shelter,2004,3
220000,事件活动,Incidents and Events,2200,3
220100,公众活动,Public Event,2201,3
220101,节日庆典,Festival Celebration,2201,3
220102,展会展览,Convention & Exposition,2201,3
220103,体育赛事,Sports Event,2201,3
220104,文艺演出,Art Performance,2201,3
220105,大型会议,Conference,2201,3
220106,运营活动,Operating Activities,2201,3
220107,商场活动,Marketplace Activities,2201,3
220200,突发事件,Emergency,2202,3
220201,自然灾害,Natural Disaster,2202,3
220202,事故灾难,Accident,2202,3
220203,城市新闻,City News,2202,3
220204,公共卫生事件,Public?Health?Event,2202,3
220205,公共社会事件,Public Social Event,2202,3
970000,室内设施,Indoor facilities,9700,3
990000,通行设施,Pass Facilities,9900,3
991000,建筑物门,Gate of Buildings,9910,3
991001,建筑物正门,Main Gate of Buildings,9910,3
991400,临街院门,Gate of Street House,9914,3
991401,临街院正门,Main Entrance of Street House Gate,9914,3
991500,虚拟门,Virtual Gate,9915,3
